cell_id,region,x_meta,x_wp,wealth,wealth_rank,x_coord,y_coord,area,distance_to_center,log_density,p_meta,p_wp,residual,pop_meta,pop_worldpop
13233021200322,PHI_DavaoCity,26.035872622581778,498.2322998046875,-0.362,0.33183856502242154,748841.84785887,834934.4969810097,5845890.872721724,36928.01178147722,-9.370183123744818,0.0003626718421806602,0.0007322930111087557,-0.702682173728567,26.035872622581778,498.2322998046875
13233021201330,PHI_DavaoCity,12.850848246150244,318.758544921875,-0.72,0.053811659192825115,773087.8735199624,837476.2429862617,5847139.753364557,33541.15453719821,-9.817029264881814,0.0001790084348081905,0.00046850566446418027,-0.962114920491785,12.850848246150244,318.758544921875
13233021202031,PHI_DavaoCity,38.31106180930416,444.02215576171875,-0.29,0.4170403587443946,746452.9499875115,827692.096302311,5847456.000275111,32764.354636936805,-9.485642791324354,0.0005336615201523667,0.0006526159013962403,-0.2012269353337098,38.31106180930416,444.02215576171875
13233021202033,PHI_DavaoCity,38.82694026326208,729.81005859375,-0.007,0.6457399103139013,746465.1714594875,825281.8877281611,5848032.4187895525,31069.280995668036,-8.988831517385924,0.0005408475512084273,0.0010726618999903155,-0.6847610550487486,38.82694026326208,729.81005859375
13233021202100,PHI_DavaoCity,43.218317426168646,807.165283203125,-0.713,0.06278026905829596,748854.295385408,832524.6092499954,5846472.16855069,34937.53460752363,-8.887820529991636,0.0006020181087872792,0.0011863572392454946,-0.678355140016373,43.218317426168646,807.165283203125
13233021202102,PHI_DavaoCity,88.98544736152729,944.207763671875,-0.003,0.6591928251121076,748866.7077549826,830114.6024906461,5847051.850807251,33002.9585901384,-8.731101904486884,0.0012395404060241315,0.0013877798501673356,-0.11296456088803043,88.98544736152729,944.207763671875
13233021202103,PHI_DavaoCity,22.015008892808567,1625.9345703125,-0.412,0.2914798206278027,751292.7574505255,830127.1403294061,5847227.4441015385,31572.890189658654,-8.187640116045225,0.00030666242482147945,0.002389769837938142,-2.0532045047484564,22.015008892808567,1625.9345703125
13233021202120,PHI_DavaoCity,71.20693808692005,1129.85546875,0.288,0.8094170403587444,748879.0849587417,827704.477039864,5847629.918835394,31134.733701261055,-8.551701995271365,0.000991891141361858,0.001660641559475135,-0.5153458829645201,71.20693808692005,1129.85546875
13233021202121,PHI_DavaoCity,55.755940285369384,603.3677368164062,-0.036,0.6322869955156951,751305.2555640121,827716.9793107328,5847805.547200168,29614.479012321557,-9.179050172382308,0.000776663408555393,0.0008868192145959883,-0.132634065963026,55.755940285369384,603.3677368164062
13233021202122,PHI_DavaoCity,39.402593210015866,657.3951416015625,-0.312,0.3811659192825112,748891.4269878564,825294.2332346365,5848206.37198423,29345.564463001527,-9.093360298236272,0.0005488662228958147,0.0009662277373834816,-0.5655447430398938,39.402593210015866,657.3951416015625
13233021202130,PHI_DavaoCity,35.60396035343122,887.0564575195312,-0.508,0.21076233183856502,753731.4621513844,827729.603124049,5847982.885599697,28221.27966297302,-8.793698723618661,0.0004959524144811369,0.0013037798724711966,-0.9665428102734729,35.60396035343122,887.0564575195312
13233021202132,PHI_DavaoCity,13.92459770694749,392.58642578125,-0.676,0.09192825112107623,753744.0453219094,825319.2878192351,5848559.409040257,26233.933944758726,-9.60894922796039,0.00019396544049919915,0.0005770165763409752,-1.0901906509014452,13.92459770694749,392.58642578125
13233021202211,PHI_DavaoCity,36.018644164477685,738.72900390625,-0.151,0.5201793721973094,746477.3580916505,822871.5611455105,5848607.221870128,29473.940814883794,-8.976782961922218,0.000501728834724632,0.001085770807865947,-0.7719855246540317,36.018644164477685,738.72900390625
13233021202213,PHI_DavaoCity,73.11967912610115,1156.28759765625,0.177,0.7286995515695067,746489.5098753065,820461.1168914863,5849180.408865321,27995.420106970127,-8.528842303154358,0.0010185350463443254,0.0016994910344577015,-0.5119634095446254,73.11967912610115,1156.28759765625
13233021202231,PHI_DavaoCity,43.88096656119971,671.2693481445312,-0.317,0.37668161434977576,746501.6268017848,818050.5553032986,5849751.979132412,26653.19887130679,-9.072739352120509,0.0006112486111024492,0.0009866198004634468,-0.47878092718671944,43.88096656119971,671.2693481445312
13233021202302,PHI_DavaoCity,51.112063996894975,1240.0235595703125,-0.493,0.23318385650224216,748916.0054869596,820473.3919092022,5849354.431046318,26068.99478794159,-8.458956201379179,0.0007119756144181276,0.0018225646684074924,-0.939956199605244,51.112063996894975,1240.0235595703125
13233021202320,PHI_DavaoCity,57.93516433739972,1816.405029296875,0.038,0.6995515695067265,748928.2419394111,818062.795063381,5849926.035666458,24621.8548964157,-8.077325007605541,0.000807019341422637,0.0026697199455316973,-1.1963811350741993,57.93516433739972,1816.405029296875
13233021202322,PHI_DavaoCity,34.30985802493303,1182.4034423828125,-0.644,0.11210762331838565,748940.4431821452,815652.0812118844,5850496.022817709,23334.523377517013,-8.506732544296842,0.0004779259598948655,0.001737875640554007,-1.290962773501917,34.30985802493303,1182.4034423828125
13233021202323,PHI_DavaoCity,48.147250689438074,1008.296142578125,-0.322,0.36771300448430494,751367.213180719,815664.4055089639,5850671.8251139205,21263.03228367411,-8.6660498567909,0.0006706766604894471,0.0014819758145492613,-0.7928442608630707,48.147250689438074,1008.296142578125
13233021202330,PHI_DavaoCity,13.616163259518734,615.6541748046875,-0.267,0.4349775784753363,753781.5795729315,818087.6350413308,5850279.282459611,20814.888504987124,-9.159314557310575,0.00018966904180106175,0.0009048776035719032,-1.562518605102992,13.616163259518734,615.6541748046875
13233021202332,PHI_DavaoCity,23.44088806618715,596.193359375,-0.526,0.19282511210762332,753794.0192066611,815676.8496184846,5850849.339143904,19274.684922461915,-9.19153235191647,0.00032652449105719075,0.0008762744416829182,-0.9871741825293976,23.44088806618715,596.193359375
13233021203233,PHI_DavaoCity,17.16508882849228,1129.7724609375,-0.817,0.02242152466367713,765928.6019462093,815740.8676740917,5851762.592351595,12050.826196026002,-8.552481942236628,0.00023910450311686183,0.0016605195560622993,-1.9379847520556461,17.16508882849228,1129.7724609375
13233021203301,PHI_DavaoCity,15.263496339160042,1095.5853271484375,-0.279,0.42152466367713004,770742.7616462994,823000.1027922301,5850424.096542444,18903.625959415287,-8.582980666942591,0.00021261589406666156,0.0016102719122355555,-2.024670701535399,15.263496339160042,1095.5853271484375
13233021203303,PHI_DavaoCity,22.62235151925585,1220.739013671875,-0.265,0.43946188340807174,770756.1125417635,820589.2904781621,5850997.643299576,16502.696960430803,-8.47491103873743,0.0003151225241759596,0.0017942205843539999,-1.7393642013408421,22.62235151925585,1220.739013671875
13233021203312,PHI_DavaoCity,13.447118330349827,469.1986389160156,-0.762,0.04484304932735426,773182.9804412596,820602.7708705147,5851188.783284252,16911.51337593933,-9.431129193467019,0.0001873142969933315,0.0006896198504886868,-1.3033521770032483,13.447118330349827,469.1986389160156
13233021203320,PHI_DavaoCity,12.55577654001049,351.7396240234375,-0.026,0.6367713004484304,768342.4764286111,818165.0392988495,5851380.107696441,14038.388936246014,-9.719296909826653,0.00017489817506034292,0.0005169806704691345,-1.0838011598240762,12.55577654001049,351.7396240234375
13233021203321,PHI_DavaoCity,19.27765662814534,488.764404296875,-0.952,0.004484304932735426,770769.4251408341,818178.3607377383,5851569.572351247,14105.031660411216,-9.390339903614601,0.00026853193452026534,0.0007183772659573563,-0.9840247942751925,19.27765662814534,488.764404296875
13233021203322,PHI_DavaoCity,26.88377176408667,458.04888916015625,-0.504,0.21524663677130046,768355.6314563113,815754.030852323,5851950.38109027,11632.405817406996,-9.455309638811343,0.000374482821136099,0.0006732321457472911,-0.5865441629038455,26.88377176408667,458.04888916015625
13233021203330,PHI_DavaoCity,27.55747884459123,732.4482421875,-0.325,0.3632286995515695,773196.4126596584,818191.8024106716,5851760.750079351,14581.209454177339,-8.985860477576121,0.0003838673572919521,0.0010765394555170885,-1.0312097309847708,27.55747884459123,732.4482421875
13233021203331,PHI_DavaoCity,30.831164854101505,302.373291015625,-0.456,0.273542600896861,775623.4393337315,818205.3643274739,5851953.641124157,15429.0698507675,-9.870623802161008,0.0004294688146733277,0.00044442290843754257,-0.03422746739712677,30.831164854101505,302.373291015625
13233021203332,PHI_DavaoCity,28.792355522068824,383.6608581542969,-0.427,0.28699551569506726,773209.8062280099,815780.7168523466,5852331.09841701,12281.975549665482,-9.632591637735276,0.00040106881644706304,0.0005638979351048344,-0.3407401723284973,28.792355522068824,383.6608581542969
13233021203333,PHI_DavaoCity,73.98681716879223,780.6928100585938,0.233,0.757847533632287,775636.9521870518,815794.2396936471,5852524.02744133,13277.487749166543,-8.922201840363815,0.0010306140173826817,0.0011474484670159543,-0.10738598514004723,73.98681716879223,780.6928100585938
13233021210223,PHI_DavaoCity,10.425359940121616,943.2439575195312,-0.561,0.17937219730941703,780380.2408102397,835107.9772143194,5848306.031666644,32893.74771575602,-8.732337657237103,0.0001452221152604171,0.0013863632649525643,-2.2561742251162253,10.425359940121616,943.2439575195312
13233021212000,PHI_DavaoCity,28.864657969129436,2118.49072265625,-0.077,0.5829596412556054,777967.8868582587,832683.5595388374,5848691.728570318,29831.13616777522,-7.923269367202886,0.00040207596769755723,0.0031137201480269734,-2.046932217654431,28.864657969129436,2118.49072265625
13233021212001,PHI_DavaoCity,10.739874947021637,575.3629150390625,-0.708,0.07174887892376682,780394.2698341348,832697.6003741078,5848887.812738394,30641.609958175253,-9.226761085361156,0.0001496032143155155,0.0008456582234821439,-1.7321281852645811,10.739874947021637,575.3629150390625
13233021212021,PHI_DavaoCity,14.534070490889173,201.1292266845703,-0.716,0.05829596412556054,780422.2090024125,827876.4895728227,5850046.5296183415,26221.529041542035,-10.278012552652811,0.00020245521230421797,0.0002956161756044333,-0.3785430648992276,14.534070490889173,201.1292266845703
13233021212023,PHI_DavaoCity,30.26896855922558,973.5995483398438,-0.366,0.3273542600896861,780436.119126858,825465.7562863121,5850623.464115461,24069.124470618703,-8.701058710825789,0.00042163759008236973,0.001430979374776238,-1.2219680452205213,30.26896855922558,973.5995483398438
13233021212202,PHI_DavaoCity,17.11897897397293,209.20809936523438,-0.251,0.45964125560538116,778036.8340251356,820630.0934357414,5851576.202406194,18672.78897101534,-10.23889217188854,0.00023846220676968093,0.00030749035960255173,-0.25423280613862537,17.11897897397293,209.20809936523438
13233021212203,PHI_DavaoCity,68.79242804993102,2073.932861328125,-0.54,0.18834080717488788,780463.8204067226,820643.9356285862,5851772.481973624,19942.109041966592,-7.9450531450095525,0.0009582577457861076,0.0030482297925174583,-1.1571994461702144,68.79242804993102,2073.932861328125
13233021212212,PHI_DavaoCity,125.59914174110538,1627.479736328125,0.253,0.7713004484304933,782890.8469795913,820657.898441713,5851970.475201944,21412.341414804665,-8.187501072651846,0.0017495581105243896,0.002392040895584722,-0.31278366962854415,125.59914174110538,1627.479736328125
13233021212221,PHI_DavaoCity,80.40578044420398,2750.046630859375,-0.888,0.017937219730941704,780477.6115423664,818232.8489324311,5852344.564038649,18008.38505895961,-7.662979771901636,0.0011200282371294596,0.0040419698377456,-1.2833781954882235,80.40578044420398,2750.046630859375
13233021212222,PHI_DavaoCity,38.49326402013536,772.1807250976562,-0.404,0.3004484304932735,778064.1376599008,815807.882442293,5852718.670344045,14612.404674430905,-8.933198218732613,0.0005361995419198405,0.0011349375552800016,-0.7498264411472945,38.49326402013536,772.1807250976562
13233021212223,PHI_DavaoCity,39.94808948637072,372.63433837890625,-0.57,0.16143497757847533,780491.3629953475,815821.6451082587,5852915.027332151,16203.073321408292,-9.661852777622329,0.0005564648212725772,0.0005476913516064648,0.015892050313034572,39.94808948637072,372.63433837890625
13233021212230,PHI_DavaoCity,104.49888803149248,1198.62548828125,0.139,0.7174887892376681,782904.7577743634,818246.7716406779,5852542.596369197,19624.07537893234,-8.493456003799292,0.0014556379491283782,0.0017617185163409958,-0.19084549291597153,104.49888803149248,1198.62548828125
13233021220013,PHI_DavaoCity,12.683204839768644,743.33984375,-0.102,0.5717488789237668,746537.7683518075,810818.1699070764,5851456.983116711,23665.86177715658,-8.971047910985629,0.00017667321278959415,0.0010925477386154044,-1.8219653774831894,12.683204839768644,743.33984375
13233021220101,PHI_DavaoCity,44.77954588234331,1055.745849609375,-0.49,0.24663677130044842,751379.4980520201,813253.5393677368,5851240.228655847,20049.89286788648,-8.620161439055032,0.0006237655496536344,0.001551716553661833,-0.9113423791825892,44.77954588234331,1055.745849609375
13233021220102,PHI_DavaoCity,17.69911414697535,689.5733642578125,-0.355,0.336322869955157,748964.7400036524,810830.3038415363,5851631.142146887,21351.7733641973,-9.04615791437273,0.0002465433145149727,0.0010135227192028175,-1.4136493791178106,17.69911414697535,689.5733642578125
13233021220103,PHI_DavaoCity,27.42416940693424,464.5541687011719,-0.581,0.1547085201793722,751391.747352123,810842.5568868704,5851807.013352178,19065.792231374817,-9.441182894002104,0.00038201039708801374,0.0006827934904153525,-0.5807445161526329,27.42416940693424,464.5541687011719
13233021220110,PHI_DavaoCity,41.84352178599522,870.37451171875,-0.564,0.16591928251121077,753806.4229339337,813265.9475095435,5851417.777525451,17927.36565050838,-8.813270952715671,0.0005828676207406727,0.001279261043952063,-0.7860776924562937,41.84352178599522,870.37451171875
13233021220111,PHI_DavaoCity,10.24025675195064,384.7660827636719,-0.562,0.1726457399103139,756233.3842008074,813278.4751265983,5851597.038644405,15892.26679559165,-9.629589607608741,0.00014264368375476447,0.0005655223746633854,-1.3773995379540858,10.24025675195064,384.7660827636719
13233021220112,PHI_DavaoCity,56.03887647871995,1298.634765625,-0.392,0.3183856502242152,753818.7907458945,810854.9290520354,5851984.596965637,16819.39815901159,-8.413222597685676,0.0007806046242753009,0.0019087103811268797,-0.8941142454233066,56.03887647871995,1298.634765625
13233021220113,PHI_DavaoCity,21.286959643973027,461.4593200683594,-0.666,0.1031390134529148,756245.8705336668,810867.420346076,5852163.893164836,14630.854850579974,-9.447928144220331,0.00029652091867340426,0.0006782447367011994,-0.8273902336205343,21.286959643973027,461.4593200683594
13233021220120,PHI_DavaoCity,14.779500939586049,481.2494812011719,-0.344,0.3542600896860987,748976.8355650818,808419.2409977249,5852196.27304377,20713.17457516474,-9.405941772462798,0.00020587398432872766,0.0007073319650722884,-1.2342354967038247,14.779500939586049,481.2494812011719
13233021220121,PHI_DavaoCity,34.194411762937214,1066.60595703125,-0.071,0.6053811659192825,751403.961072283,808431.4584039495,5852372.178561363,18347.667798027305,-8.610120754406804,0.00047631782833278303,0.0015676785472299847,-1.1912656875978873,34.194411762937214,1066.60595703125
13233021220123,PHI_DavaoCity,27.675433460051153,877.997314453125,-0.704,0.07623318385650224,751416.1392037795,806020.2442566408,5852935.723647548,17927.55760780494,-8.804810391512936,0.00038551042946020713,0.0012904649044196213,-1.2081893945396573,27.675433460051153,877.997314453125
13233021220130,PHI_DavaoCity,57.880933220306616,1390.984375,-0.303,0.38789237668161436,753831.1226337135,808443.794583571,5852549.796822067,16000.634620754003,-8.344621028017638,0.0008062639183406184,0.0020444442015765635,-0.9304700413318588,57.880933220306616,1390.984375
13233021220131,PHI_DavaoCity,24.45717293547781,498.5615234375,-0.676,0.09192825112107623,756258.320598161,808456.2495456086,5852729.128004162,13681.604795009052,-9.370691629116875,0.00034068103234418724,0.0007327768981740762,-0.7658944798688033,24.45717293547781,498.5615234375
13233021220132,PHI_DavaoCity,75.78996531078798,1756.551025390625,-0.131,0.5381165919282511,753843.4185885864,806032.5444418415,5853113.376459608,15516.977085190512,-8.111376757991406,0.001055731326407021,0.002581747590538662,-0.8942327471531946,75.78996531078798,1756.551025390625
13233021220133,PHI_DavaoCity,46.48719445267015,897.3155517578125,-0.482,0.2556053811659193,756270.7343854004,806044.9630629132,5853292.7425272465,13112.551600941812,-8.783107336951113,0.0006475525784877699,0.0013188585075053826,-0.7113218032331787,46.48719445267015,897.3155517578125
13233021220213,PHI_DavaoCity,18.14949949081612,1575.8447265625,-0.278,0.4260089686098655,746585.4685628568,801173.3671721667,5853707.648642849,22856.429257796393,-8.220039062733903,0.0002528170463275797,0.0023161486726302597,-2.214994587881231,18.14949949081612,1575.8447265625
13233021220301,PHI_DavaoCity,29.00260369573346,881.5460205078125,-0.451,0.27802690582959644,751428.2817379169,803608.9147826922,5853497.647973365,17826.59049181437,-8.800872721568725,0.00040399751000625816,0.0012956807297351321,-1.1653826111118788,29.00260369573346,881.5460205078125
13233021220302,PHI_DavaoCity,24.35190920939866,1532.641357421875,-0.511,0.2062780269058296,749012.9107485171,801185.3598836866,5853881.9430184355,20450.448490276536,-8.247867675829461,0.00033921474043205563,0.0022526491257513696,-1.8932285819999146,24.35190920939866,1532.641357421875
13233021220303,PHI_DavaoCity,25.895875767681343,1510.288818359375,-0.669,0.09865470852017937,751440.3886660236,801197.4703199307,5854057.950904185,18050.16892529057,-8.262589463597788,0.00036072172827427985,0.002219795759676112,-1.8170634130345003,25.895875767681343,1510.288818359375
13233021220310,PHI_DavaoCity,56.086434260117784,1545.616943359375,-0.195,0.48878923766816146,753855.6786017327,803621.178964619,5853675.335241746,15400.08551855913,-8.239401858651636,0.0007812670898065906,0.0022717204121789963,-1.0673755545074892,56.086434260117784,1545.616943359375
13233021220311,PHI_DavaoCity,51.56233095598611,1387.931640625,0.01,0.6816143497757847,756283.1118865202,803633.5612357861,5853854.736099288,12973.884678589453,-8.347041041873409,0.0007182476971669273,0.0020399573466527462,-1.0438695962268147,51.56233095598611,1387.931640625
13233021220312,PHI_DavaoCity,25.56201703620441,1069.6851806640625,-0.48,0.2600896860986547,753867.9026643961,801209.6984897561,5854235.672532578,15658.229176621737,-8.607556343314211,0.00035607117697809034,0.0015722043355958393,-1.4851030855805618,25.56201703620441,1069.6851806640625
13233021220313,PHI_DavaoCity,33.58813045909257,929.6144409179688,-0.491,0.242152466367713,756295.4530926804,801222.0444021061,5854415.1080828365,13279.156474229201,-8.747936733353615,0.000467872512881613,0.0013663308428152891,-1.0716882180798861,33.58813045909257,929.6144409179688
13233021220330,PHI_DavaoCity,12.270707468744984,944.1989135742188,-0.802,0.03139013452914798,753880.0907678459,798798.103355187,5854794.387700355,16273.62149818528,-8.732434579529897,0.00017092724899525982,0.001387766842450526,-2.0942126115237842,12.270707468744984,944.1989135742188
13233021220331,PHI_DavaoCity,16.019086726602477,475.78131103515625,-0.771,0.03587443946188341,756307.7579950658,798810.4128998314,5854973.857846007,13999.414505525565,-9.417843772013248,0.00022314103995745138,0.0006992949453975392,-1.1422682637345727,16.019086726602477,475.78131103515625
13233021220333,PHI_DavaoCity,22.89356523044737,895.94189453125,-0.408,0.29596412556053814,756320.0265848866,796398.6670670015,5855530.984758935,15075.349570660192,-8.785021678996658,0.00031890044925986065,0.0013168395304397349,-1.4181106291181864,22.89356523044737,895.94189453125
13233021221011,PHI_DavaoCity,29.23886042338478,1093.344482421875,-0.622,0.1210762331838565,765941.6000910705,813329.780531763,5852331.209988192,9751.122681795927,-8.585354027267643,0.0004072884948672854,0.0016069783583393417,-1.3725889482928015,29.23886042338478,1093.344482421875
13233021221012,PHI_DavaoCity,20.172730621347707,854.4866943359375,-0.631,0.11659192825112108,763527.3317483765,810905.609093204,5852712.059474349,8846.963973252565,-8.831914780540624,0.0002810000449119218,0.0012559094113185217,-1.4972601142698014,20.172730621347707,854.4866943359375
13233021221013,PHI_DavaoCity,48.53183444156574,1828.48193359375,-0.295,0.3991031390134529,765954.5605996704,810918.5769949371,5852898.208190167,7521.440613118492,-8.071206159642609,0.0006760337960031376,0.0026874703655985935,-1.3801124660284523,48.53183444156574,1828.48193359375
13233021221020,PHI_DavaoCity,23.91587575829308,1266.5433349609375,-0.293,0.4080717488789238,758685.555314436,808468.8232991687,5852910.172336416,11407.692573793138,-8.438402875699964,0.0003331409261506366,0.0018615429646406706,-1.7205951251383742,23.91587575829308,1266.5433349609375
13233021221022,PHI_DavaoCity,28.057162821623177,932.7235717773438,-0.556,0.18385650224215247,758698.0869431188,806057.5001289363,5853473.822080372,10718.448976213705,-8.744436980670889,0.00039082780417555146,0.0013709005882931212,-1.2549559191950594,28.057162821623177,932.7235717773438
13233021221023,PHI_DavaoCity,26.28302572321879,961.3796997070312,-0.502,0.21973094170403587,761125.4766106693,806070.1556490789,5853656.615328351,8343.592357906244,-8.714207646495428,0.00036611461022641406,0.0014130188576557672,-1.3505370989784815,26.28302572321879,961.3796997070312
13233021221030,PHI_DavaoCity,18.033917317542365,579.7689208984375,-0.584,0.14798206278026907,763540.1363978558,808494.3272177161,5853277.401275052,7168.354558602906,-9.219882689957338,0.000251207021562444,0.0008521340928687507,-1.221466233432891,18.033917317542365,579.7689208984375
13233021221031,PHI_DavaoCity,57.096776557274055,1236.58251953125,-0.562,0.1726457399103139,765967.4834627538,808507.2574013523,5853463.586314742,5448.588992460681,-8.462437288930142,0.0007953408528585533,0.0018175070886951008,-0.8264502704299624,57.096776557274055,1236.58251953125
13233021221032,PHI_DavaoCity,28.13115677420816,706.373291015625,-0.711,0.06726457399103139,763552.9037370014,806082.9296325954,5853841.122463431,6010.882627523158,-9.02246476729513,0.0003918585175871252,0.001038214954043283,-0.9743571181130087,28.13115677420816,706.373291015625
13233021221033,PHI_DavaoCity,31.430793811851228,561.6630859375,-0.941,0.008968609865470852,765980.3686710924,806095.8220888275,5854027.343728077,3798.8459357361794,-9.251738238258051,0.0004378214649525623,0.0008255224572775255,-0.6342051471612654,31.430793811851228,561.6630859375
13233021221100,PHI_DavaoCity,30.858969158722513,764.3175048828125,-0.606,0.13004484304932734,768368.7485128476,813342.905664172,5852519.035588665,9228.95213164314,-8.943399445755125,0.0004298561202391364,0.0011233803334571785,-0.960646881456848,30.858969158722513,764.3175048828125
13233021221101,PHI_DavaoCity,49.540095187895474,505.69049072265625,-0.498,0.226457399103139,770795.9354118089,813356.1503280876,5852708.57474705,9329.924088098343,-9.356490312562542,0.0006900785636807645,0.0007432549280436538,-0.07423363037038207,49.540095187895474,505.69049072265625
13233021221102,PHI_DavaoCity,49.67900522430011,837.0206298828125,-0.602,0.13452914798206278,768381.8275888541,810931.6640720787,5853086.070552903,6830.822164516856,-8.852630895942424,0.0006920135385337434,0.0012302380990900494,-0.5753574231267572,49.67900522430011,837.0206298828125
13233021221103,PHI_DavaoCity,136.686071505376,2554.564697265625,0.348,0.8363228699551569,770809.133064785,810944.8703341973,5853275.646808773,6966.600690938982,-7.736874886893205,0.001903995693623974,0.003754653953518871,-0.6790414242807226,136.686071505376,2554.564697265625
13233021221110,PHI_DavaoCity,42.71270038381318,481.9854736328125,-0.262,0.4484304932735426,773223.1611367516,813369.514533194,5852899.827654808,10035.27500766095,-9.404533817520461,0.0005949750160956501,0.0007084137137146999,-0.17450882261505046,42.71270038381318,481.9854736328125
13233021221111,PHI_DavaoCity,52.69878411405542,988.7344970703125,-0.294,0.40358744394618834,775650.4260364985,813382.9982892615,5853092.794554753,11231.737180295433,-8.6860549226974,0.0007340781464229266,0.0014532244543970377,-0.6829245712929042,52.69878411405542,988.7344970703125
13233021221112,PHI_DavaoCity,65.01999983711474,1144.099853515625,-0.263,0.4439461883408072,773236.4773763472,810958.1957909496,5853466.937151077,7886.242641576951,-8.540171229823857,0.000905708960144697,0.0016815777039513127,-0.6187696718696676,65.01999983711474,1144.099853515625
13233021221113,PHI_DavaoCity,41.701516457301025,1198.74755859375,-0.352,0.3475336322869955,775663.8608724503,810971.6404520799,5853659.9418226145,9361.549264592511,-8.49354506509433,0.0005808895294009521,0.0017618979331245777,-1.10958616265993,41.701516457301025,1198.74755859375
13233021221120,PHI_DavaoCity,82.59258359783671,1885.853759765625,-0.0,0.6636771300448431,768394.8686749913,808520.3064138074,5853651.48533781,4446.827086592847,-8.040440289716997,0.0011504897445929559,0.0027717944597142733,-0.8793071624205931,82.59258359783671,1885.853759765625
13233021221121,PHI_DavaoCity,53.92926752512186,524.29296875,-0.354,0.34080717488789236,770822.2923835117,808533.4742646241,5853841.098590334,4652.668110055048,-9.320557973040854,0.0007512184087038012,0.0007705965208188823,-0.0254684806124235,53.92926752512186,524.29296875
13233021221122,PHI_DavaoCity,51.88218410976711,1507.62060546875,-0.303,0.38789237668161436,768407.8717619454,806108.8330272037,5854215.279308998,2125.4773952373807,-8.264384591265573,0.0007227031549958303,0.0022158740676205776,-1.1204035604736373,51.88218410976711,1507.62060546875
13233021221123,PHI_DavaoCity,56.619662833268634,1835.642578125,-0.438,0.2825112107623318,770835.4133585913,806121.9624572399,5854404.929455086,2527.95317488226,-8.067555037250166,0.0007886948027828598,0.0026979949541235107,-1.22988464602755,56.619662833268634,1835.642578125
13233021221130,PHI_DavaoCity,79.10078782540299,1836.2823486328125,0.214,0.7443946188340808,773249.754937287,808546.7609634316,5854032.426264043,5941.9561736859705,-8.067142941367047,0.001101850084088397,0.0026989352774862635,-0.8958666382313349,79.10078782540299,1836.2823486328125
13233021221131,PHI_DavaoCity,28.038355273165937,589.8538208007812,-0.517,0.19730941704035873,775677.2566853125,808560.166519947,5854225.4686033,7794.447949810913,-9.202799515951199,0.0003905658207058694,0.0008669567001527652,-0.7973923826664086,28.038355273165937,589.8538208007812
13233021221132,PHI_DavaoCity,47.61162127683061,810.7982788085938,-0.125,0.5560538116591929,773262.9938100873,806135.2103885383,5854596.294357218,4477.7765416004,-8.88471831031261,0.000663215504544658,0.0011916969518500687,-0.5860335314779874,47.61162127683061,810.7982788085938
13233021221133,PHI_DavaoCity,18.369947413021578,296.9736328125,-0.66,0.10762331838565023,775690.613465517,806148.5768307886,5854789.374259608,6745.22353674944,-9.889127224260623,0.00025588781930338165,0.00043648658643257864,-0.5340183406979735,18.369947413021578,296.9736328125
13233021221200,PHI_DavaoCity,40.89235134377105,1066.0526123046875,-0.171,0.5067264573991032,758710.5819412639,803646.061605249,5854035.850775337,10548.223047188667,-8.610923911975009,0.0005696181037566053,0.0015668652509500077,-1.0118659923149709,40.89235134377105,1066.0526123046875
13233021221201,PHI_DavaoCity,53.38218310694106,1960.6885986328125,-0.198,0.4820627802690583,761138.0891149767,803658.6800821491,5854218.679479122,8123.616812426011,-8.00162208474433,0.0007435976879910599,0.002881785380638836,-1.3546650584769762,53.38218310694106,1960.6885986328125
13233021221202,PHI_DavaoCity,79.08587814351478,2069.66455078125,0.3,0.8161434977578476,758723.0402999466,801234.5080660097,5854596.257782889,10921.387152043702,-7.947595775445358,0.001101642396722773,0.003041956305262732,-1.0156986178283969,79.08587814351478,2069.66455078125
13233021221203,PHI_DavaoCity,95.21070151391868,1913.830810546875,-0.072,0.5986547085201793,761150.6646352941,801247.0894905839,5854779.121844076,8602.486950072813,-8.025906657233685,0.0013262563161920019,0.0028129146335098528,-0.7518609686833594,95.21070151391868,1913.830810546875
13233021221210,PHI_DavaoCity,76.25238195896321,2237.523681640625,-0.006,0.6524663677130045,763565.6337566955,803671.4166757151,5854403.222403997,5701.460448500092,-7.869579589604714,0.0010621726506552668,0.0032886726831998355,-1.1301674990324768,76.25238195896321,2237.523681640625
13233021221211,PHI_DavaoCity,45.76844785616364,301.231689453125,-0.92,0.013452914798206279,765993.216215483,803684.2713952629,5854589.479791021,3287.2580250534425,-9.874856737028457,0.0006375406554770156,0.0004427450026774842,0.364623989693673,45.76844785616364,301.231689453125
13233021221212,PHI_DavaoCity,207.25096007352067,5149.9833984375,0.257,0.7780269058295964,763578.326447845,801259.7886850307,5854963.700459183,6365.123372554502,-7.03605158519572,0.0028869432791021363,0.007569354398499667,-0.9639095046861361,207.25096007352067,5149.9833984375
13233021221213,PHI_DavaoCity,125.15031114485993,1245.2332763671875,-0.251,0.45964125560538116,766006.026086749,801272.6056586396,5855149.993869261,4337.429116284806,-8.455754010844403,0.0017433060358762143,0.0018302218178972028,-0.04865383766041781,125.15031114485993,1245.2332763671875
13233021221220,PHI_DavaoCity,24.677591020112,436.2358093261719,-0.766,0.04035874439461883,758735.4620102681,798822.8398492034,5855155.04247256,11786.512211454608,-9.504650090794765,0.000343751389691633,0.0006411716672928779,-0.6233784060995595,24.677591020112,436.2358093261719
13233021221221,PHI_DavaoCity,83.39331970262187,2784.562255859375,-0.169,0.5112107623318386,761163.203162638,798835.3842123934,5855337.941792611,9677.090801474606,-7.651018311061225,0.0011616437566912485,0.0040927002921369625,-1.2593688749750487,83.39331970262187,2784.562255859375
13233021221222,PHI_DavaoCity,58.39841221584499,4285.11865234375,0.004,0.6681614349775785,758747.8470633547,796411.057292894,5855712.204214912,13046.155733204296,-7.220024667150064,0.0008134722444574931,0.006298191510491506,-2.0467058948889503,58.39841221584499,4285.11865234375
13233021221223,PHI_DavaoCity,76.63432042676456,1701.4871826171875,-0.581,0.1547085201793722,761175.7046880506,796423.5645856671,5855895.138694603,11176.972566478158,-8.143701466896824,0.0010674929381572305,0.0025008157295501664,-0.8513040659927688,76.63432042676456,1701.4871826171875
13233021221230,PHI_DavaoCity,150.69438800132068,2483.028076171875,-0.006,0.6524663677130045,763590.9818013831,798848.0459985777,5855522.55599811,7756.081552674595,-7.765661707758377,0.002099127311567444,0.003649510694669909,-0.5530713896776616,150.69438800132068,2483.028076171875
13233021221231,PHI_DavaoCity,280.6734776214734,4183.06103515625,0.348,0.8363228699551569,766018.798275739,798860.8252170192,5855708.885330368,6201.17462630504,-7.244129058607467,0.003909696773197049,0.006148189032077116,-0.4526977434353163,280.6734776214734,4183.06103515625
13233021221232,PHI_DavaoCity,178.31322052420168,2946.798828125,-0.111,0.5650224215246636,763603.5998082678,796436.1889544714,5856079.788390653,9562.129444025122,-7.594516242465702,0.0024838493070663084,0.004331152733022281,-0.5560242127113241,178.31322052420168,2946.798828125
13233021221233,PHI_DavaoCity,301.69971071053635,3184.8564453125,-0.058,0.6233183856502242,766031.5327733271,796448.9304085432,5856266.153543952,8350.541501198713,-7.51686028843255,0.004202585849704789,0.004681045603026722,-0.10782148765496428,301.69971071053635,3184.8564453125
13233021221300,PHI_DavaoCity,59.57057113234353,1501.6192626953125,-0.682,0.08071748878923767,768420.8368404293,803697.2442501943,5854777.451829576,944.4319444163136,-8.268469231052748,0.0008298000641444225,0.002207053400289338,-0.9782287414344466,59.57057113234353,1501.6192626953125
13233021221301,PHI_DavaoCity,65.12672810663679,1959.477294921875,-0.136,0.5291479820627802,770848.4959806511,803710.3352499978,5854967.138766708,1662.7918065859287,-8.002367912097224,0.0009071956527046612,0.002880005027895352,-1.1551891024480374,65.12672810663679,1959.477294921875
13233021221302,PHI_DavaoCity,123.23384033546311,2168.291748046875,-0.352,0.3475336322869955,768433.7639011814,801285.5404207859,5855338.00226425,2983.090431287326,-7.901169358533507,0.0017166101763211215,0.0031869168132249008,-0.6187023878435902,123.23384033546311,2168.291748046875
13233021221303,PHI_DavaoCity,163.5923903860408,2617.04736328125,-0.198,0.4820627802690583,770861.5402403455,801298.5929809315,5855527.725889498,3282.068462343356,-7.713094682791752,0.0022787925892828473,0.0038464898695295597,-0.5235152557502604,163.5923903860408,2617.04736328125
13233021221310,PHI_DavaoCity,39.11663578959305,728.1696166992188,-0.594,0.13901345291479822,773276.1939852923,803723.5444042495,5855158.540794147,4052.8277910263078,-8.99229962146402,0.0005448829223952728,0.0010702508075441496,-0.6750772591802592,39.11663578959305,728.1696166992188
13233021221311,PHI_DavaoCity,24.00882800014402,253.4884033203125,-0.492,0.23766816143497757,775703.9312035224,803736.8717226114,5855351.658155243,6471.023196124907,-10.047548538666907,0.00033443572280583055,0.0003725727662003977,-0.10798763156196778,24.00882800014402,253.4884033203125
13233021221312,PHI_DavaoCity,122.62661359854243,1462.5283203125,-0.176,0.5022421524663677,773289.3554534714,801311.7633486256,5855719.164938422,4943.005069900618,-8.295007433431524,0.0017081516912727456,0.00214959822543254,-0.22986903711913048,122.62661359854243,1462.5283203125
13233021221313,PHI_DavaoCity,62.88318145094602,965.9803466796875,-0.399,0.30493273542600896,775717.2098898146,801325.0515335031,5855912.31965437,7062.817126148408,-8.709818872821,0.0008759437253953847,0.0014197808071037953,-0.48295588530004707,62.88318145094602,965.9803466796875
13233021221320,PHI_DavaoCity,311.00659943115346,3477.420654296875,0.501,0.8789237668161435,768446.6529349667,798873.7218770668,5855896.929979332,5342.278816831191,-7.4289136270570175,0.004332227998681048,0.005111051296402607,-0.16532315366103373,311.00659943115346,3477.420654296875
13233021221321,PHI_DavaoCity,399.97032642919646,2590.1123046875,0.198,0.7354260089686099,770874.5461283555,798886.735988156,5856086.690190059,5514.843248332575,-7.723535623529615,0.0055714658466005165,0.0038069011973986358,0.38084265496100406,399.97032642919646,2590.1123046875
13233021221322,PHI_DavaoCity,630.8017989990265,6763.6494140625,0.923,0.9551569506726457,768459.5039325758,796461.788957205,5856454.234344572,7734.141639173741,-6.763737021435902,0.008786878542898759,0.00994109213202054,-0.12341735169281992,630.8017989990265,6763.6494140625
13233021221323,PHI_DavaoCity,1335.5509211935605,15211.359375,1.059,0.9775784753363229,770887.513635388,796474.7646098657,5856644.031038564,7854.367991215956,-5.953289551527041,0.018603820964057678,0.02235738663298358,-0.18378977587790868,1335.5509211935605,15211.359375
13233021221330,PHI_DavaoCity,375.4022047885406,3853.529052734375,0.336,0.8251121076233184,773302.4782052216,798899.8675598085,5856278.166156936,6638.960707997061,-7.3262801900460275,0.005229239332303742,0.0056638487599612744,-0.07983782823848438,375.4022047885406,3853.529052734375
13233021221331,PHI_DavaoCity,153.38712802413423,1098.73876953125,-0.248,0.4663677130044843,775730.4495149057,798913.1166016322,5856471.358122753,8338.311145879494,-8.581139595051456,0.002136636366813651,0.001614906786005828,0.27995554877948725,153.38712802413423,1098.73876953125
13233021221332,PHI_DavaoCity,678.9800658169864,4721.5537109375,0.419,0.8565022421524664,773315.5622311654,796487.8573760197,5856835.543819875,8680.700756443353,-7.1232268056493,0.009457987248689514,0.006939656030829238,0.3096073821709013,678.9800658169864,4721.5537109375
13233021221333,PHI_DavaoCity,344.778727883276,3163.01171875,-0.192,0.49327354260089684,775743.6500693354,796501.0672652475,5857028.772931438,10040.315450086035,-7.523873069384729,0.004802663548032402,0.0046489386107711654,0.03253173136528787,344.778727883276,3163.01171875
13233021222111,PHI_DavaoCity,17.023578971165357,211.945556640625,-0.498,0.226457399103139,756332.2588533775,793986.8072417349,5856086.488190114,16437.314753373987,-10.226662670279723,0.00023713331354364322,0.0003115138258285728,-0.2728211338419225,17.023578971165357,211.945556640625
13233021222133,PHI_DavaoCity,22.751160635619375,244.39248657226562,-0.479,0.2645739910313901,756368.7376435925,786750.5471937023,5857743.251342913,21651.297562498814,-10.084499492200738,0.00031691679626348417,0.0003592037488427684,-0.12525046880112553,22.751160635619375,244.39248657226562
13233021223000,PHI_DavaoCity,66.08866161457499,1896.935546875,-0.064,0.6098654708520179,758760.1954503572,793999.1607352259,5856267.742377171,14598.605084132436,-8.035028061598833,0.0009205950959434228,0.0027880822741614096,-1.1080889044406823,66.08866161457499,1896.935546875
13233021223001,PHI_DavaoCity,129.7481361123379,2878.1826171875,-0.396,0.3116591928251121,761188.1692025998,794011.6309485754,5856450.711917704,12955.31995272421,-7.618139959250094,0.0018073523490205945,0.004230301841303735,-0.8504103323452766,129.7481361123379,2878.1826171875
13233021223003,PHI_DavaoCity,136.90292852486962,2359.07177734375,0.437,0.8654708520179372,761200.5966973789,791599.5836393682,5857004.660837388,14912.897879039741,-7.817125374877398,0.0019070164464095381,0.00346732192178162,-0.597842541106649,136.90292852486962,2359.07177734375
13233021223010,PHI_DavaoCity,202.15170763484153,2917.156005859375,0.38,0.8430493273542601,763616.1804594838,794024.2178909082,5856635.397003628,11590.901440894093,-7.604721382275185,0.002815912232726956,0.004287584237797943,-0.42043717695495164,202.15170763484153,2917.156005859375
13233021223011,PHI_DavaoCity,409.33109132276337,3340.37890625,0.422,0.8609865470852018,766044.2295704146,794036.9215714342,5856821.797877538,10613.475706346771,-7.469278134592944,0.00570185847439408,0.004909629761981467,0.14959363293610084,409.33109132276337,3340.37890625
13233021223012,PHI_DavaoCity,167.37856279943222,2813.92822265625,0.382,0.8475336322869955,763628.7237460401,791612.1331461638,5857189.381213651,13744.179496828909,-7.640843688596183,0.002331532827487194,0.004135861870096137,-0.5731698038052192,167.37856279943222,2813.92822265625
13233021223013,PHI_DavaoCity,235.25193978970705,2253.78369140625,-0.127,0.5493273542600897,766056.8886579275,791624.799043994,5857375.817706894,12930.552010629171,-7.862846525128052,0.0032769884695861952,0.0033125713576065184,-0.010799881549267873,235.25193978970705,2253.78369140625
13233021223021,PHI_DavaoCity,142.80841550425396,2648.950439453125,-0.088,0.57847533632287,761212.9871635062,789187.4229963745,5857556.984825086,16987.906649155564,-7.701324397896171,0.0019892780964347184,0.003893380445918702,-0.671505957598824,142.80841550425396,2648.950439453125
13233021223022,PHI_DavaoCity,81.64132799047152,1519.323974609375,0.031,0.695067264573991,758797.0205267533,786762.7904367094,5857924.609132139,20290.57881062051,-8.257285175197058,0.001137239041284196,0.0022330754723297133,-0.6747762964930907,81.64132799047152,1519.323974609375
13233021223023,PHI_DavaoCity,112.72131980431888,2849.195556640625,-0.072,0.5986547085201793,761225.3405921258,786775.1493580041,5858107.683258917,19142.23833537299,-7.628545215865627,0.0015701739403537257,0.004187697173040798,-0.9809645390765526,112.72131980431888,2849.195556640625
13233021223030,PHI_DavaoCity,172.91179808159652,3289.039794921875,0.339,0.8295964125560538,763641.229658973,789199.9350585936,5857741.740391873,15971.736706112666,-7.484923773231396,0.0024086091237989727,0.004834172445310407,-0.6966604803866764,172.91179808159652,3289.039794921875
13233021223031,PHI_DavaoCity,220.79844928080004,1976.51171875,0.077,0.7085201793721974,766069.5100268186,789212.5631646042,5857928.212403607,15277.208581565634,-7.994217739908742,0.003075655712095309,0.0029050419223770785,0.05707029501178179,220.79844928080004,1976.51171875
13233021223032,PHI_DavaoCity,161.78172752445374,2407.98583984375,-0.241,0.47085201793721976,763653.6981893433,786787.6239666324,5858292.473916138,18246.43341284197,-7.796822806440206,0.0022535706024842256,0.003539214944630041,-0.4513890265750192,161.78172752445374,2407.98583984375
13233021223033,PHI_DavaoCity,254.83229655848177,3853.394775390625,0.288,0.8094170403587444,766082.093668066,786800.2142717259,5858478.98134539,17641.691326135537,-7.326690769762686,0.003549736925641387,0.005663651401499335,-0.4671953023490113,254.83229655848177,3853.394775390625
13233021223100,PHI_DavaoCity,563.0594048346328,4040.035400390625,0.586,0.8878923766816144,768472.3168848256,794049.7419994497,5857009.914728355,10135.654186362846,-7.279141044480516,0.007843247452004352,0.00593797248692479,0.2782852173846386,563.0594048346328,4040.035400390625
13233021223101,PHI_DavaoCity,1364.9052849632292,14257.484375,0.81,0.9237668161434978,770900.4427521762,794062.6791843359,5857199.747803544,10227.728016374189,-6.018144921490057,0.019012718385652546,0.020955398050057403,-0.09728813223394399,1364.9052849632292,14257.484375
13233021223102,PHI_DavaoCity,486.9991846969537,4463.3046875,0.753,0.905829596412556,768485.0917825591,791637.5813421283,5857563.970506601,12541.339586985292,-7.179599638471653,0.0067837515574835205,0.006560086189486075,0.03352653397234603,486.9991846969537,4463.3046875
13233021223103,PHI_DavaoCity,588.6252426132777,2431.227783203125,0.224,0.7488789237668162,770913.3334694793,791650.4800499217,5857753.839859659,12615.906889275106,-7.787125114984403,0.008199371850769289,0.0035733755413904764,0.8305468531215204,588.6252426132777,2431.227783203125
13233021223110,PHI_DavaoCity,1162.9186113617195,11029.662109375,0.918,0.9506726457399103,773328.6075219532,794075.733135561,5857391.2972949315,10875.258329675433,-6.274871413329571,0.01619910502716709,0.01621120204521279,-0.0007464920653661599,1162.9186113617195,11029.662109375
13233021223111,PHI_DavaoCity,487.0744783929132,3237.88720703125,0.57,0.8834080717488789,775756.8115436691,794088.9038626781,5857584.563447131,11988.600257720145,-7.50057158655764,0.006784800375927747,0.00475898927748466,0.35464955616483657,487.0744783929132,3237.88720703125
13233021223112,PHI_DavaoCity,942.7039833080788,9642.5859375,0.777,0.9147982062780269,773341.6140682606,791663.4951768144,5857945.425957616,13146.38630102141,-6.409364887760526,0.013131581768439595,0.01417250205137953,-0.076283460544479,942.7039833080788,9642.5859375
13233021223113,PHI_DavaoCity,635.9530993659168,4807.095703125,0.007,0.6771300448430493,775769.9339285,791676.6267323331,5858138.72904634,14081.3663184617,-7.105494111257972,0.008858634601194208,0.007065384136092124,0.22618525529576997,635.9530993659168,4807.095703125
13233021223120,PHI_DavaoCity,380.3122150521253,4034.719970703125,-0.075,0.5874439461883408,768497.8286166458,789225.3073236493,5858116.401049487,14949.23804104372,-7.280646498392242,0.0052976342923354985,0.005930159962500498,-0.11279082478584534,380.3122150521253,4034.719970703125
13233021223121,PHI_DavaoCity,537.7878427492159,2869.458251953125,0.633,0.8923766816143498,770926.1857780842,789238.1675450575,5858306.306576818,15011.888221002377,-7.621492565045479,0.007491222224767814,0.0042174789237811325,0.5744944166312256,537.7878427492159,2869.458251953125
13233021223122,PHI_DavaoCity,337.04238913505503,3417.49169921875,0.5,0.874439461883408,768510.5273779815,786812.9202825006,5858667.205735998,17358.475451880353,-7.44677055670011,0.004694898685828143,0.005022968779504452,-0.06754461458559058,337.04238913505503,3417.49169921875
13233021223123,PHI_DavaoCity,637.5234947072732,3731.09912109375,0.108,0.7130044843049327,770938.9996688034,786825.7420082577,5858857.147334857,17412.498112671918,-7.3590069767154995,0.008880509734002529,0.005483903414534894,0.4820418015440713,637.5234947072732,3731.09912109375
13233021223130,PHI_DavaoCity,1216.008653281038,11882.4326171875,0.914,0.9461883408071748,773354.5818607911,789251.1438382416,5858497.929178402,15460.429665523157,-6.200587464905758,0.016938633276646766,0.017464589035970784,-0.030578341359989516,1216.008653281038,11882.4326171875
13233021223131,PHI_DavaoCity,1094.573754048076,3964.39599609375,0.257,0.7780269058295964,775783.0172144482,789264.2362127006,5858691.269098704,16262.982225873335,-7.29832801512556,0.01524708180656184,0.005826799029979639,0.961920319075146,1094.573754048076,3964.39599609375
13233021223132,PHI_DavaoCity,1464.9032614279377,7719.47607421875,0.959,0.9596412556053812,773367.5108902737,786838.6794583835,5859048.806335589,17800.70526672832,-6.631996053957976,0.020405659996036662,0.011345949230482627,0.5869515250086534,1464.9032614279377,7719.47607421875
13233021223133,PHI_DavaoCity,3423.6633931531783,24270.05078125,1.204,0.9865470852017937,775796.0613921599,786851.7326423498,5859242.182981816,18502.089150118667,-5.486532441815353,0.04769059703878263,0.035671690842459636,0.2903768500710111,3423.6633931531783,24270.05078125
13233021223200,PHI_DavaoCity,35.88911597341067,1034.162109375,-0.134,0.5336322869955157,758809.2221614374,784350.4412566436,5858473.646725279,22387.231382272934,-8.642052836110336,0.0004999245461436655,0.0015199931544895744,-1.1120037966426943,35.88911597341067,1034.162109375
13233021223201,PHI_DavaoCity,76.9912471567517,2113.65673828125,-0.127,0.5493273542600897,761237.6569744073,784362.7630627445,5858656.755516346,21351.93413031918,-7.927256134881892,0.0010724648197055825,0.0031066152433971285,-1.0635741571413329,76.9912471567517,2113.65673828125
13233021223203,PHI_DavaoCity,16.049583895663712,37.68014907836914,-0.299,0.39461883408071746,761249.9363015462,781950.2644491626,5859204.2009750325,23601.48285957634,-11.9543909443146,0.00022356585631160336,5.5381615841666946e-05,1.3954569767385516,16.049583895663712,37.68014907836914
13233021223210,PHI_DavaoCity,121.38442901359744,2569.32080078125,-0.073,0.5919282511210763,763666.129328238,784375.2002087947,5858841.581163069,20552.663238665773,-7.732065596506498,0.0016908484351737757,0.003776342213151824,-0.8035254043925333,121.38442901359744,2569.32080078125
13233021223211,PHI_DavaoCity,169.39805409888368,2928.12353515625,-0.212,0.47533632286995514,766094.6395726738,784387.7527038992,5859028.123908022,20017.724828185816,-7.601377233476362,0.002359663731354108,0.0043037041181356464,-0.6009569333959733,169.39805409888368,2928.12353515625
13233021223212,PHI_DavaoCity,92.88629979832945,2162.257080078125,-0.145,0.5246636771300448,763678.5230667697,781962.6641236731,5859389.061511608,22880.92848238004,-7.904648000819031,0.0012938781023184927,0.003178047165111744,-0.8986228738988403,92.88629979832945,2162.257080078125
13233021223300,PHI_DavaoCity,227.9535275568271,2104.77734375,-0.129,0.5426008968609866,768523.1880574869,784400.420557248,5859216.383941369,19768.603246439663,-7.931561464153247,0.0031753237914764055,0.0030935644665593775,0.02608563274842359,227.9535275568271,2104.77734375
13233021223301,PHI_DavaoCity,550.1051303154447,4132.6640625,0.005,0.672645739910314,770951.7751324754,784413.2037781153,5859406.361508723,19816.095328370764,-7.256881323473222,0.007662798320451333,0.0060741164541417425,0.23234069061164755,550.1051303154447,4132.6640625
13233021230000,PHI_DavaoCity,66.16833371654886,1995.515625,-0.161,0.515695067264574,778077.730459904,813396.6016061497,5853287.475671021,12782.159318942096,-7.983856268443938,0.0009217049042610474,0.0029329735272451162,-1.1575468568368366,66.16833371654886,1995.515625
13233021230001,PHI_DavaoCity,47.33071760630061,834.1401977539062,-0.486,0.25112107623318386,780505.0747558459,813410.3244938052,5853483.871209754,14574.030609143372,-8.856146084434842,0.0006593026012537703,0.001226004490956258,-0.6203330978866024,47.33071760630061,834.1401977539062
13233021230002,PHI_DavaoCity,42.27401094946049,1384.7265625,0.03,0.6905829596412556,778091.283902036,810985.2043274195,5853854.661047524,11174.589777707097,-8.349352947304066,0.000588864204769769,0.002035246579583019,-1.2401765342834383,42.27401094946049,1384.7265625
13233021230003,PHI_DavaoCity,53.27505271305197,1062.947265625,0.268,0.7847533632286996,780518.7468140696,810998.8874268875,5854051.095032211,13186.810558043408,-8.613843706317452,0.0007421053939601139,0.0015623010673924665,-0.7444237124345484,53.27505271305197,1062.947265625
13233021230020,PHI_DavaoCity,28.27654672472661,533.0761108398438,-0.252,0.452914798206278,778104.7979766175,808573.6909439745,5854420.225831513,9898.870352433198,-9.304043317005341,0.0003938837556866213,0.0007835058275227788,-0.6877225438883853,28.27654672472661,533.0761108398438
13233021230021,PHI_DavaoCity,42.83806338552173,594.4033813476562,0.234,0.7623318385650224,780532.3791602534,808587.3342454055,5854616.69815496,12124.7714607596,-9.19518290508043,0.0005967212848468395,0.0008736435636768644,-0.3812222726475794,42.83806338552173,594.4033813476562
13233021230022,PHI_DavaoCity,22.991476095033548,494.04144287109375,-0.813,0.026905829596412557,778118.272673995,806162.0617937677,5854984.169385807,9095.812632121882,-9.380184445112366,0.00032026431803213433,0.0007261333638032121,-0.8185868714279566,22.991476095033548,494.04144287109375
13233021230023,PHI_DavaoCity,57.09779946499872,2037.984619140625,-0.319,0.3721973094170404,780545.9717846601,806175.6652873392,5855180.679942784,11478.605186946616,-7.963120746904605,0.0007953551016542154,0.0029953937027539777,-1.326042179230156,57.09779946499872,2037.984619140625
13233021230032,PHI_DavaoCity,85.9770793484167,2375.81201171875,0.272,0.7937219730941704,782973.7111466805,806189.3873214545,5855378.906185917,13877.04398935201,-7.809776710190814,0.0011976347482002528,0.003491926421814914,-1.0701049438295818,85.9770793484167,2375.81201171875
13233021230132,PHI_DavaoCity,925.311476374479,5991.36669921875,-0.275,0.4304932735426009,792685.0780926652,806245.4610654172,5856188.972485618,23531.564439012498,-6.884934775434524,0.012889309399805657,0.008806004674018004,0.38096439737746685,925.311476374479,5991.36669921875
13233021230133,PHI_DavaoCity,2812.5369913734944,33271.34765625,1.496,1.0,795113.0239499781,806259.7759545629,5856395.780587346,25951.97030369853,-5.170593042980012,0.03917779083671239,0.04890163758629828,-0.22170085793237038,2812.5369913734944,33271.34765625
13233021230200,PHI_DavaoCity,20.447136341048665,471.52142333984375,-0.761,0.04932735426008968,778131.707984543,803750.3172148333,5855546.491074394,8894.472876086014,-9.426935350554972,0.00028482243371029674,0.00069303383790088,-0.8892126728490344,20.447136341048665,471.52142333984375
13233021230201,PHI_DavaoCity,24.301544290280177,385.18902587890625,-0.592,0.14349775784753363,780559.524677579,803763.8808907509,5855743.039758697,11319.82890527509,-9.62919926373045,0.0003385131723201397,0.000566144008964301,-0.5142853544720388,24.301544290280177,385.18902587890625
13233021230202,PHI_DavaoCity,44.69939701138059,1023.2332763671875,-0.514,0.20179372197309417,778145.1038986626,801338.457545286,5856107.19026102,9333.960586223366,-8.652272867207673,0.0006226491000879907,0.0015039301492722663,-0.8818538481440105,44.69939701138059,1023.2332763671875
13233021230203,PHI_DavaoCity,42.43308970500209,999.6481323242188,-0.396,0.3116591928251121,780573.0378293265,801351.9813937822,5856303.776965467,11668.427328776252,-8.675625858373158,0.0005910801237888926,0.00146926512222479,-0.910565955334519,42.43308970500209,999.6481323242188
13233021230210,PHI_DavaoCity,39.59930616813923,1102.0867919921875,-0.327,0.35874439461883406,782987.3816318846,803777.5627602871,5855941.3044622615,13746.104099402566,-8.578006566202692,0.0005516063749904772,0.0016198276501291301,-1.0772402110808543,39.59930616813923,1102.0867919921875
13233021230212,PHI_DavaoCity,36.9773625595951,844.4812622070312,-0.614,0.12556053811659193,783001.0120311469,801365.6230888872,5856502.080023373,14034.675441360796,-8.844340520687046,0.0005150834924128407,0.001241203604360619,-0.8795077142123804,36.9773625595951,844.4812622070312
13233021230220,PHI_DavaoCity,89.25078916936121,1024.4697265625,-0.291,0.4125560538116592,778158.460406782,798926.4831233216,5856666.2663113205,10332.907795203115,-8.651160685369154,0.0012432365372677158,0.0015057474618731677,-0.19157132340077038,89.25078916936121,1024.4697265625
13233021230221,PHI_DavaoCity,103.19639367299852,1927.738525390625,-0.463,0.26905829596412556,780586.5112302471,798939.967134657,5856862.890930712,12482.028896713771,-8.019021828998763,0.0014374945960988585,0.0028333559464969113,-0.6785600871945021,103.19639367299852,1927.738525390625
13233021230222,PHI_DavaoCity,158.12560364976022,1310.896728515625,-0.117,0.5605381165919282,778171.7774993565,796514.3942872164,5857223.718597474,11749.544236337426,-8.40471957353323,0.0022026419011461863,0.0019267327970376863,0.13383178041057148,158.12560364976022,1310.896728515625
13233021230223,PHI_DavaoCity,130.22113726571212,1816.791015625,-0.063,0.6143497757847534,780599.9448707119,796527.8384516787,5857420.381025068,13677.964974863897,-8.0783928110024,0.0018139411122294895,0.002670287261401383,-0.3866841492578713,130.22113726571212,1816.791015625
13233021230230,PHI_DavaoCity,82.5578947889725,1464.24169921875,-0.679,0.08520179372197309,783014.6023347276,798953.5686455056,5857061.232235456,14718.159502749317,-8.294065763566957,0.0011500065399623234,0.0021521165194068968,-0.6266841157666868,82.5578947889725,1464.24169921875
13233021230231,PHI_DavaoCity,128.22871571466683,578.3650512695312,-0.011,0.6412556053811659,785442.7340696781,798967.2876658204,5857261.290430063,17007.03126519694,-9.222987449823291,0.0017861872817821652,0.0008500707101491665,0.742519020871882,128.22871571466683,578.3650512695312
13233021230232,PHI_DavaoCity,158.7346597989491,1325.965576171875,-0.061,0.6188340807174888,783028.1525329137,796541.3997684739,5857618.760468737,15745.264159478163,-8.393357514345661,0.002211125869354932,0.0019488807224701764,0.12624660356453665,158.7346597989491,1325.965576171875
13233021230233,PHI_DavaoCity,276.2537347799779,647.6485595703125,-0.382,0.32286995515695066,785456.4008355021,796555.0782475265,5857818.857133975,17903.41448654242,-9.109939680698798,0.0038481310902825634,0.0009519023837151646,1.3968803078407808,276.2537347799779,647.6485595703125
13233021230301,PHI_DavaoCity,483.3507509518675,4844.029296875,0.273,0.7982062780269058,790271.1975553884,803819.3176311416,5856546.396908139,21027.407784279225,-7.097568483023894,0.006732929977328309,0.007119668478132678,-0.055850751885514006,483.3507509518675,4844.029296875
13233021230302,PHI_DavaoCity,307.68797562995763,2116.35205078125,-0.102,0.5717488789237668,787857.08264576,801393.2600589357,5856903.836064085,18814.51608874755,-7.925682511558859,0.004286000571433775,0.003110576765978618,0.32054585726540585,307.68797562995763,2116.35205078125
13233021230303,PHI_DavaoCity,919.2892142296567,9130.07421875,1.215,0.9910313901345291,790285.1797573777,801407.2553541027,5857107.289532969,21217.474729884336,-6.463837300412747,0.012805421106994808,0.013419221403177856,-0.04681950660772276,919.2892142296567,9130.07421875
13233021230310,PHI_DavaoCity,767.121150621743,6282.2939453125,1.093,0.9820627802690582,792699.2190478863,803833.4723761205,5856751.5279512275,23454.951807239693,-6.83761519039969,0.01068576593931403,0.009233604388326055,0.14606308810399973,767.121150621743,6282.2939453125
13233021230311,PHI_DavaoCity,1451.1050130672097,14561.701171875,0.677,0.8968609865470852,795127.282548355,803847.7453656361,5856958.37618614,25882.633741926,-5.996990824715278,0.020213454563771185,0.021402530510760454,-0.05716071273249565,1451.1050130672097,14561.701171875
13233021230312,PHI_DavaoCity,1048.6933837998629,12577.84765625,1.235,0.9955156950672646,792713.3185377995,801421.3685363247,5857312.460263711,23625.610384189145,-6.143509008715926,0.014607982105968198,0.01848669774535177,-0.23548333231793922,1048.6933837998629,12577.84765625
13233021230313,PHI_DavaoCity,537.6996132295096,1008.6446533203125,0.174,0.7219730941704036,795141.49933651,801435.5996159299,5857519.348520432,26037.498863801164,-8.666873971324264,0.007489993214205721,0.0014824880494663877,1.6198460466561038,537.6996132295096,1008.6446533203125
13233021230320,PHI_DavaoCity,449.2188798774134,3074.003662109375,0.229,0.7533632286995515,787870.906784581,798981.1242056419,5857463.065766635,19329.933776990696,-7.552491028468804,0.006257483321898712,0.004518116145355254,0.32568294790480756,449.2188798774134,3074.003662109375
13233021230321,PHI_DavaoCity,1037.329281716469,10083.421875,0.89,0.9327354260089686,790299.1208289508,798995.0782750956,5857666.558479834,21675.94340870621,-6.364613928295532,0.014449683596175865,0.01482043490559896,-0.02533444726082047,1037.329281716469,10083.421875
13233021230322,PHI_DavaoCity,684.2945157443802,3241.91455078125,0.201,0.7399103139013453,787884.6901280452,796568.8738988484,5858020.671273027,20123.221932215773,-7.499402990086569,0.009532015931087724,0.004764908596008596,0.6933778655136411,684.2945157443802,3241.91455078125
13233021230323,PHI_DavaoCity,1655.9999618067034,15885.5341796875,0.964,0.9641255605381166,790313.0207601434,796582.786732537,5858224.203121103,22386.36631767178,-5.910192904548711,0.02306757931656044,0.023348276822021306,-0.012095044647842208,1655.9999618067034,15885.5341796875
13233021230330,PHI_DavaoCity,1347.236130874923,14268.4208984375,0.851,0.9282511210762332,792727.3765523275,799009.1498843946,5857871.768787188,24038.30878514347,-6.017492870686081,0.018766592405707577,0.020971472358532077,-0.11108476510097556,1347.236130874923,14268.4208984375
13233021230332,PHI_DavaoCity,2725.5417247391783,32143.310546875,0.767,0.9103139013452914,792741.3930814221,796596.8167587755,5858429.45289417,24680.941768454355,-5.205432476245663,0.03796597304713775,0.04724366861923152,-0.2186283345203975,2725.5417247391783,32143.310546875
13233021232000,PHI_DavaoCity,305.10715290715484,2676.576416015625,-0.05,0.6278026905829597,778185.0551668687,794102.1913753268,5857779.546484079,13452.61627851983,-7.690987372612807,0.00425005049037503,0.0039339846170447,0.07727805136247358,305.10715290715484,2676.576416015625
13233021232001,PHI_DavaoCity,208.1529598572376,1839.0068359375,0.177,0.7286995515695067,780613.33874112,794115.5956832315,5857976.246613137,15166.109704370065,-8.066333809697586,0.002899507863663907,0.0027029396806790293,0.07020106654709998,208.1529598572376,1839.0068359375
13233021232002,PHI_DavaoCity,386.2847257869865,2598.5185546875,0.275,0.8026905829596412,778198.2933998277,791689.8747260887,5858333.749348642,15347.113986856446,-7.7206790030446095,0.005380829563031701,0.003819256554783223,0.3427867640494715,386.2847257869865,2598.5185546875
13233021232003,PHI_DavaoCity,293.93164658927213,2194.048583984375,-0.178,0.4977578475336323,780626.6928318971,791703.2391677793,5858530.487072718,16869.355585800855,-7.889905575368906,0.004094379062635856,0.003224773754560692,0.23875227200315857,293.93164658927213,2194.048583984375
13233021232010,PHI_DavaoCity,360.24788889038257,2102.076416015625,0.047,0.7040358744394619,783041.6626160203,794129.1167962039,5858174.664089381,17054.065015124535,-7.93266771752793,0.00501814428880654,0.0030895946908058433,0.4850202750554603,360.24788889038257,2102.076416015625
13233021232011,PHI_DavaoCity,906.2944394001051,7202.2880859375,0.682,0.9013452914798207,785470.0271411961,794142.7547241403,5858374.799117873,19064.738195495054,-6.701228740820151,0.012624407818350484,0.010585795484135496,0.1761190132752648,906.2944394001051,7202.2880859375
13233021232012,PHI_DavaoCity,740.3336799421547,6307.31103515625,0.312,0.820627802690583,783055.1325743904,791716.7200671873,5858728.942473634,18585.188426645578,-6.833978512699382,0.010312624563201166,0.009270374063953339,0.10654509849135652,740.3336799421547,6307.31103515625
13233021232013,PHI_DavaoCity,1754.2908268109795,10840.7314453125,0.907,0.9372197309417041,785483.6129770193,791730.3174341818,5858929.115755751,20445.94650600621,-6.292411650879708,0.02443674137988903,0.015933515100927335,0.427663033029432,1754.2908268109795,10840.7314453125
13233021232020,PHI_DavaoCity,708.568839526829,1988.2047119140625,0.247,0.7668161434977578,778211.4921887704,789277.444678019,5858886.326560661,17370.563939463053,-7.9884827411150745,0.009870149929953623,0.00292222807665961,1.217168654447472,708.568839526829,1988.2047119140625
13233021232021,PHI_DavaoCity,532.6688300176928,1533.838623046875,0.015,0.6860986547085202,780640.0071334965,789290.7692438657,5859083.101772886,18729.153256872174,-8.247974905743135,0.007419915923481397,0.0022544088455647413,1.1912799093239146,532.6688300176928,1533.838623046875
13233021232022,PHI_DavaoCity,2207.9408566884067,12915.984375,1.033,0.968609865470852,778224.6515242608,786864.9015697128,5859437.27749873,19482.871007207355,-6.117343207074061,0.030755949282973764,0.018983685106542303,0.48250351445211576,2207.9408566884067,12915.984375
13233021232030,PHI_DavaoCity,899.6334062734624,2098.557861328125,0.269,0.7892376681614349,783068.5623983936,789304.2099199959,5859281.594991155,20288.402164436367,-7.934531904224685,0.012531621638686914,0.0030844231814358774,1.4018904919265702,899.6334062734624,2098.557861328125
13233021232100,PHI_DavaoCity,1647.6532210565572,10022.115234375,0.401,0.852017937219731,787898.4326663002,794156.5094770239,5858576.651949295,21163.195056928027,-6.370867786296129,0.022951311738825298,0.0147303274908813,0.4434666256720207,1647.6532210565572,10022.115234375
13233021232101,PHI_DavaoCity,1896.016226947068,7876.330078125,0.466,0.8699551569506726,790326.879541019,794170.3810649232,5858780.222821121,23325.769071450042,-6.611834638542562,0.026410933399340232,0.011576490467712685,0.8248017056891253,1896.016226947068,7876.330078125
13233021232102,PHI_DavaoCity,3664.816327839437,19036.05078125,0.908,0.9417040358744395,787912.1343895219,791744.0312787164,5859131.007172272,22415.58100212659,-5.72942198838505,0.05104978458503547,0.027978850330824874,0.6013524438701244,3664.816327839437,19036.05078125
13233021232103,PHI_DavaoCity,3527.7096051589383,12563.751953125,0.799,0.9192825112107623,790340.6971616696,791757.8616108313,5859334.616957573,24467.82540224671,-6.144975490715908,0.0491399293475901,0.018465980130517992,0.9787417985873788,3527.7096051589383,12563.751953125
13233021232110,PHI_DavaoCity,3147.0270374814104,28272.4921875,1.042,0.9730941704035875,792755.3681150632,794184.3694979929,5858985.511949584,25536.188129596747,-5.33384242232148,0.043837136155039445,0.04155440834254455,0.053477702482983384,3147.0270374814104,28272.4921875
